Name,E-mail,Phone,Job,Created at
Jamel Hamill,applicant1@example.com,,Developer Ruby,2019-01-23 14:26:15 +0100
Efrain Lesch,applicant2@example.com,,Sales engineer,2019-01-23 14:26:15 +0100
Eliz Jenkins,applicant3@example.com,,Junior developer,2019-01-23 14:26:15 +0100
Jamel Hamill,applicant1@example.com,,Support Agent,2019-01-21 14:26:15 +0100
Silas Ward,applicant5@example.com,,Developer Ruby,2019-01-23 14:26:15 +0100
Dagmar Buckridge,applicant6@example.com,,Sales engineer,2019-01-23 14:26:15 +0100
Kasha Boyer,applicant7@example.com,,Junior developer,2019-01-23 14:26:15 +0100
Jamel Hamill,applicant1@example.com,,JavaScript Developer,2019-01-22 14:26:15 +0100
Faustino Harber,applicant9@example.com,,Junior developer,2019-01-23 14:26:15 +0100
Glenn Kiehn,applicant10@example.com,,Support Agent,2019-01-23 14:26:15 +0100
Vicente Cassin,applicant11@example.com,, Developer Ruby,2019-01-23 14:26:15 +0100
Magaret Skiles,applicant12@example.com,,Junior developer,2019-01-23 14:26:15 +0100
Lamar Lockman,applicant13@example.com,,Support Agent,2019-01-23 14:26:15 +0100
Ira Stamm,applicant14@example.com,,Developer Ruby,2019-01-23 14:26:15 +0100
Rafaela Schneider,applicant15@example.com,,Junior developer,2019-01-23 14:26:15 +0100
Nicol Hickle,applicant16@example.com,,Support Agent,2019-01-23 14:26:15 +0100
Chi Grant,applicant17@example.com,,Developer Ruby,2019-01-23 14:26:15 +0100
Maximo Mitchell,applicant18@example.com,, Junior developer,2019-01-23 14:26:15 +0100
Bernita Dickinson,applicant19@example.com,, Support Agent,2019-01-23 14:26:15 +0100
Rochel Ruecker,applicant20@example.com,,Developer Ruby,2019-01-23 14:26:15 +0100
Paulina Runolfsson,applicant21@example.com,,Sales engineer,2019-01-23 14:26:15 +0100
Earlene Bashirian,applicant22@example.com,,Sales engineer,2019-01-23 14:26:15 +0100
Garth Purdy,applicant23@example.com,,Sales engineer,2019-01-23 14:26:15 +0100
Charlie Dickinson,applicant24@example.com,4673500005,Junior developer,2019-01-23 14:26:15 +0100
Hiram Friesen,applicant25@example.com,,Support Agent,2019-01-23 14:26:15 +0100
Hilton Johnson,applicant26@example.com,,Developer Ruby,2019-01-23 14:26:15 +0100
Leonila Kuhlman,applicant27@example.com,,Product developer ,2019-01-23 14:26:15 +0100
Mirella Ratke,applicant28@example.com,,Product developer ,2019-01-23 14:26:15 +0100
Mazie Farrell,applicant29@example.com,,Product developer ,2019-01-23 14:26:15 +0100
Kathlyn Pfeffer,applicant30@example.com,,Product developer ,2019-01-23 14:26:15 +0100
Michal Schmeler,applicant31@example.com,,Product developer ,2019-01-23 14:26:15 +0100
Deirdre Steuber,applicant32@example.com,, Product developer ,2019-01-23 14:26:15 +0100
Vincenza Hand,applicant33@example.com,,Sales engineer,2019-01-23 14:26:15 +0100
Chere Reynolds,applicant34@example.com,,Junior developer,2019-01-23 14:26:15 +0100
Wilfred Langosh,applicant35@example.com,,Support Agent,2019-01-23 14:26:15 +0100
Felix Champlin,applicant36@example.com,,Developer Ruby,2019-01-23 14:26:15 +0100
Tessie Spinka,applicant37@example.com,,Sales engineer,2019-01-23 14:26:15 +0100
Zane Hessel,applicant38@example.com,,Designer,2019-01-23 14:26:15 +0100
Stasia Johnston,applicant39@example.com,,Designer,2019-01-23 14:26:15 +0100
Charlott Herzog,applicant40@example.com,,Designer,2019-01-23 14:26:15 +0100
Zackary Marvin,applicant41@example.com,, Designer,2018-01-23 14:26:15 +0100
Donny Collier,applicant42@example.com,,Sales engineer ,2019-01-23 14:26:15 +0100
Luis Mayer,applicant43@example.com,,Sales engineer,2019-01-23 14:26:15 +0100
Teresa Reilly,applicant44@example.com,,Sales engineer,2019-01-23 14:26:15 +0100
Shaunna Hartmann,applicant45@example.com,,Sales engineer,2018-01-23 14:26:15 +0100
Robin Yost,applicant46@example.com,,Sales engineer,2019-01-23 14:26:15 +0100
Theo Hyatt,applicant47@example.com,,Sales engineer,2019-01-23 14:26:15 +0100
Julio Lemke,applicant48@example.com,,Sales engineer,2019-01-23 14:26:15 +0100
Carrol Wisoky,applicant49@example.com,,Sales engineer,2018-01-23 14:26:15 +0100
Blake Johns,applicant50@example.com,,Sales engineer,2019-01-23 14:26:15 +0100
Douglass Buckridge,applicant51@example.com,,Product developer,2019-01-23 14:26:15 +0100
Brett Kovacek,applicant52@example.com,,Product developer,2018-01-23 14:26:15 +0100
Franklin Gusikowski,applicant53@example.com,,Sales engineer,2019-01-23 14:26:15 +0100
Jewell Murazik,applicant54@example.com,,Product developer,2019-01-23 14:26:15 +0100
Lynn Lemke,applicant55@example.com,,Sales engineer,2019-01-23 14:26:15 +0100
Shae Feil,applicant56@example.com,,Product developer,2019-01-23 14:26:15 +0100
Sean Upton,applicant57@example.com,,Product developer,2019-01-23 14:26:15 +0100
Manie Spencer,applicant58@example.com,,Product developer,2019-01-23 14:26:15 +0100
Patty Stoltenberg,applicant59@example.com,,Sales engineer,2019-01-23 14:26:15 +0100
Trinity Will,applicant60@example.com,,Designer,2019-01-23 14:26:15 +0100
Jaclyn Carroll,applicant61@example.com,,Designer,2018-01-23 14:26:15 +0100
Tim Friesen,applicant62@example.com,,Designer,2019-01-23 14:26:15 +0100
Noah Emmerich,applicant63@example.com,,Sales engineer,2019-01-23 14:26:15 +0100
Billie Carroll,applicant64@example.com,,Designer,2019-01-23 14:26:15 +0100
Ivan Becker,applicant65@example.com,,Sales engineer,2019-01-23 14:26:15 +0100
Von Wisozk,applicant66@example.com,,Designer,2019-01-23 14:26:15 +0100
Ronny Conroy,applicant67@example.com,,Designer,2019-01-23 14:26:15 +0100
Norris Bruen,applicant68@example.com,,Designer,2019-01-23 14:26:15 +0100
Chadwick Crist,applicant69@example.com,,Designer,2019-01-23 14:26:15 +0100
Darius Krajcik,applicant70@example.com,,Sales Engineer,2019-01-23 14:26:15 +0100
Marica Schiller,applicant71@example.com,,Designer,2019-01-23 14:26:16 +0100
Minna Smith,applicant72@example.com,,Designer,2019-01-23 14:26:16 +0100
Nicki Beer,applicant73@example.com,,Designer,2019-01-23 14:26:16 +0100
Luisa Reinger,applicant74@example.com,,Junior developer,2019-01-23 14:26:16 +0100
Cleta Orn,applicant75@example.com,,Fullstack developer,2019-01-23 14:26:16 +0100
Alesha Leannon,applicant76@example.com,,Designer,2019-01-23 14:26:16 +0100
Karan Harvey,applicant77@example.com,,Designer,2019-01-23 14:26:16 +0100
Tricia Collier,applicant78@example.com,,Legal Trainee,2019-01-23 14:26:16 +0100
Emile Hartmann,applicant79@example.com,,Junior developer,2019-01-23 14:26:16 +0100
Tashina Brekke,applicant80@example.com,,Fullstack developer,2019-01-23 14:26:16 +0100
Alberto Bode,applicant81@example.com,,Designer,2019-01-23 14:26:16 +0100
Noemi Bins,applicant82@example.com,,Designer,2019-01-23 14:26:16 +0100
Ruthann Roberts,applicant83@example.com,,Designer,2019-01-23 14:26:16 +0100
Kaila Boyer,applicant84@example.com,,Developer,2019-01-23 14:26:16 +0100
Malisa Lebsack,applicant85@example.com,,Product developer,2019-01-23 14:26:16 +0100
Jordan O'Connell,applicant86@example.com,0048123000,Sales engineer,2019-01-23 14:26:16 +0100
Margit Ortiz,applicant87@example.com,,JavaScript Developer,2019-01-23 14:26:16 +0100
Willia McClure,applicant88@example.com,,Developer,2019-01-23 14:26:16 +0100
Monika Gorczany,applicant89@example.com,,Product developer,2019-01-23 14:26:16 +0100
Burton Schamberger,applicant90@example.com,,Sales engineer,2019-01-23 14:26:16 +0100
Hank Moen,applicant91@example.com,,Sales engineer,2019-01-23 14:26:16 +0100
Maynard Conroy,applicant92@example.com,,Designer,2019-01-23 14:26:16 +0100
Lenore Crist,applicant93@example.com,,Junior developer,2019-01-23 14:26:16 +0100
Tereasa Wunsch,applicant94@example.com,,Fullstack developer,2019-01-23 14:26:16 +0100
Maria Lebsack,applicant95@example.com,,Fullstack developer,2019-01-23 14:26:16 +0100
Sallie Hansen,applicant96@example.com,,Sales engineer,2019-01-23 14:26:16 +0100
Johnson Heathcote,applicant97@example.com,,Designer,2019-01-23 14:26:16 +0100
Aide Rippin,4670121212,,Designer,2019-01-23 14:26:16 +0100
Jenette Gislason,48735000011,,Junior developer,2019-01-23 14:26:16 +0100
Carlotta Lubowitz,46735000012,,Fullstack developer,2019-01-23 14:26:16 +0100
Jorka Olander,hellojorkas@example.com,004673500001,Designer,2019-01-23 14:35:29 +0100
Jorka Olander,applicant100@example.com,004673500002,Developer,2019-01-23 14:35:29 +0100
Jorka Olander,applicant100@example.com,004673500002,Product developer,2019-01-23 14:35:29 +0100
Jorka Olander,applicant100@example.com,004673500002,Sales engineer,2019-01-23 14:35:29 +0100
Jorka Olander,applicant100@example.com,004673500002,JavaScript Developer,2019-01-23 14:35:29 +0100